Date,Channel,User Type,Land,Bounce,Purchase,Visitors_Control,Visitors_Variant,,
2014-10-10,Affiliate,Returning User,0,0,0,1211,1175,,
2014-10-10,Affiliate,Returning User,1,0,0,4076,4810,,
2014-10-10,Affiliate,Returning User,1,1,0,2766,3386,,
2014-10-10,Affiliate,Returning User,0,0,1,196,159,,
2014-10-10,Affiliate,Returning User,1,0,1,358,332,,
2014-10-10,Affiliate,New User,0,0,0,1589,1574,,
2014-10-10,Affiliate,New User,1,0,0,7165,6501,,
2014-10-10,Affiliate,New User,1,1,0,4709,4211,,
2014-10-10,Affiliate,New User,0,0,1,132,150,,
2014-10-10,Affiliate,New User,1,0,1,640,694,,
2014-10-10,Direct,Returning User,0,0,0,2336,2311,,
2014-10-10,Direct,Returning User,1,0,0,9099,8452,,
2014-10-10,Direct,Returning User,1,1,0,6424,7844,,
2014-10-10,Direct,Returning User,0,0,1,313,199,,
2014-10-10,Direct,Returning User,1,0,1,952,965,,
2014-10-10,Direct,New User,0,0,0,3831,3719,,
2014-10-10,Direct,New User,1,0,0,15567,14824,,
2014-10-10,Direct,New User,1,1,0,10571,10041,,
2014-10-10,Direct,New User,0,0,1,346,419,,
2014-10-10,Direct,New User,1,0,1,1395,1304,,
2014-10-10,Email,Returning User,0,0,0,411,344,,
2014-10-10,Email,Returning User,1,0,0,2208,2210,,
2014-10-10,Email,Returning User,1,1,0,1336,1440,,
2014-10-10,Email,Returning User,0,0,1,48,70,,
2014-10-10,Email,Returning User,1,0,1,224,188,,
2014-10-10,Email,New User,0,0,0,620,759,,
2014-10-10,Email,New User,1,0,0,2619,2670,,
2014-10-10,Email,New User,1,1,0,1736,1929,,
2014-10-10,Email,New User,0,0,1,73,63,,
2014-10-10,Email,New User,1,0,1,252,256,,
2014-10-10,Paid Search,Returning User,0,0,0,588,599,,
2014-10-10,Paid Search,Returning User,1,0,0,2571,2113,,
2014-10-10,Paid Search,Returning User,1,1,0,1998,2016,,
2014-10-10,Paid Search,Returning User,0,0,1,72,85,,
2014-10-10,Paid Search,Returning User,1,0,1,367,323,,
2014-10-10,Paid Search,New User,0,0,0,938,1038,,
2014-10-10,Paid Search,New User,1,0,0,3896,4477,,
2014-10-10,Paid Search,New User,1,1,0,2307,2724,,
2014-10-10,Paid Search,New User,0,0,1,110,94,,
2014-10-10,Paid Search,New User,1,0,1,400,373,,
2014-10-10,SEO,Returning User,0,0,0,1720,1661,,
2014-10-10,SEO,Returning User,1,0,0,8068,6708,,
2014-10-10,SEO,Returning User,1,1,0,4221,4084,,
2014-10-10,SEO,Returning User,0,0,1,115,158,,
2014-10-10,SEO,Returning User,1,0,1,577,711,,
2014-10-10,SEO,New User,0,0,0,2176,2355,,
2014-10-10,SEO,New User,1,0,0,8359,10282,,
2014-10-10,SEO,New User,1,1,0,5454,5989,,
2014-10-10,SEO,New User,0,0,1,256,220,,
2014-10-10,SEO,New User,1,0,1,861,786,,
2014-10-10,Social Media,Returning User,0,0,0,383,342,,
2014-10-10,Social Media,Returning User,1,0,0,1460,1431,,
2014-10-10,Social Media,Returning User,1,1,0,938,757,,
2014-10-10,Social Media,Returning User,0,0,1,51,59,,
2014-10-10,Social Media,Returning User,1,0,1,185,135,,
2014-10-10,Social Media,New User,0,0,0,535,585,,
2014-10-10,Social Media,New User,1,0,0,1753,2039,,
2014-10-10,Social Media,New User,1,1,0,1020,1365,,
2014-10-10,Social Media,New User,0,0,1,59,66,,
2014-10-10,Social Media,New User,1,0,1,182,225,,
2014-10-11,Affiliate,Returning User,0,0,0,1214,1294,,
2014-10-11,Affiliate,Returning User,1,0,0,3449,4081,,
2014-10-11,Affiliate,Returning User,1,1,0,3594,3850,,
2014-10-11,Affiliate,Returning User,0,0,1,92,95,,
2014-10-11,Affiliate,Returning User,1,0,1,391,321,,
2014-10-11,Affiliate,New User,0,0,0,1800,1686,,
2014-10-11,Affiliate,New User,1,0,0,6669,6240,,
2014-10-11,Affiliate,New User,1,1,0,6311,6792,,
2014-10-11,Affiliate,New User,0,0,1,105,100,,
2014-10-11,Affiliate,New User,1,0,1,431,520,,
2014-10-11,Direct,Returning User,0,0,0,2129,1939,,
2014-10-11,Direct,Returning User,1,0,0,8000,9957,,
2014-10-11,Direct,Returning User,1,1,0,11553,7285,,
2014-10-11,Direct,Returning User,0,0,1,224,206,,
2014-10-11,Direct,Returning User,1,0,1,711,584,,
2014-10-11,Direct,New User,0,0,0,3813,4290,,
2014-10-11,Direct,New User,1,0,0,15625,13045,,
2014-10-11,Direct,New User,1,1,0,9740,14957,,
2014-10-11,Direct,New User,0,0,1,264,264,,
2014-10-11,Direct,New User,1,0,1,1138,1076,,
2014-10-11,Email,Returning User,0,0,0,528,495,,
2014-10-11,Email,Returning User,1,0,0,2032,2051,,
2014-10-11,Email,Returning User,1,1,0,1659,1775,,
2014-10-11,Email,Returning User,0,0,1,32,76,,
2014-10-11,Email,Returning User,1,0,1,155,174,,
2014-10-11,Email,New User,0,0,0,579,644,,
2014-10-11,Email,New User,1,0,0,2687,2831,,
2014-10-11,Email,New User,1,1,0,2558,2843,,
2014-10-11,Email,New User,0,0,1,49,40,,
2014-10-11,Email,New User,1,0,1,179,176,,
2014-10-11,Paid Search,Returning User,0,0,0,689,768,,
2014-10-11,Paid Search,Returning User,1,0,0,2814,2707,,
2014-10-11,Paid Search,Returning User,1,1,0,2796,2791,,
2014-10-11,Paid Search,Returning User,0,0,1,49,75,,
2014-10-11,Paid Search,Returning User,1,0,1,225,194,,
2014-10-11,Paid Search,New User,0,0,0,1034,921,,
2014-10-11,Paid Search,New User,1,0,0,3345,3719,,
2014-10-11,Paid Search,New User,1,1,0,3708,3787,,
2014-10-11,Paid Search,New User,0,0,1,68,67,,
2014-10-11,Paid Search,New User,1,0,1,243,270,,
2014-10-11,SEO,Returning User,0,0,0,1506,1224,,
2014-10-11,SEO,Returning User,1,0,0,6119,5781,,
2014-10-11,SEO,Returning User,1,1,0,5729,5000,,
2014-10-11,SEO,Returning User,0,0,1,132,137,,
2014-10-11,SEO,Returning User,1,0,1,573,388,,
2014-10-11,SEO,New User,0,0,0,2587,2746,,
2014-10-11,SEO,New User,1,0,0,10359,10250,,
2014-10-11,SEO,New User,1,1,0,8397,11331,,
2014-10-11,SEO,New User,0,0,1,183,159,,
2014-10-11,SEO,New User,1,0,1,584,638,,
2014-10-11,Social Media,Returning User,0,0,0,358,302,,
2014-10-11,Social Media,Returning User,1,0,0,1094,698,,
2014-10-11,Social Media,Returning User,1,1,0,1077,997,,
2014-10-11,Social Media,Returning User,0,0,1,40,60,,
2014-10-11,Social Media,Returning User,1,0,1,143,146,,
2014-10-11,Social Media,New User,0,0,0,488,571,,
2014-10-11,Social Media,New User,1,0,0,2055,2420,,
2014-10-11,Social Media,New User,1,1,0,2172,2260,,
2014-10-11,Social Media,New User,0,0,1,38,36,,
2014-10-11,Social Media,New User,1,0,1,136,146,,
2014-10-12,Affiliate,Returning User,0,0,0,1168,898,,
2014-10-12,Affiliate,Returning User,1,0,0,4781,4643,,
2014-10-12,Affiliate,Returning User,1,1,0,3161,2399,,
2014-10-12,Affiliate,Returning User,0,0,1,122,151,,
2014-10-12,Affiliate,Returning User,1,0,1,458,338,,
2014-10-12,Affiliate,New User,0,0,0,1802,2020,,
2014-10-12,Affiliate,New User,1,0,0,7015,6790,,
2014-10-12,Affiliate,New User,1,1,0,4601,6026,,
2014-10-12,Affiliate,New User,0,0,1,156,152,,
2014-10-12,Affiliate,New User,1,0,1,611,667,,
2014-10-12,Direct,Returning User,0,0,0,1806,2600,,
2014-10-12,Direct,Returning User,1,0,0,10980,10035,,
2014-10-12,Direct,Returning User,1,1,0,7940,8454,,
2014-10-12,Direct,Returning User,0,0,1,218,261,,
2014-10-12,Direct,Returning User,1,0,1,1048,817,,
2014-10-12,Direct,New User,0,0,0,4808,3966,,
2014-10-12,Direct,New User,1,0,0,14614,15175,,
2014-10-12,Direct,New User,1,1,0,9714,9927,,
2014-10-12,Direct,New User,0,0,1,379,315,,
2014-10-12,Direct,New User,1,0,1,1197,1243,,
2014-10-12,Email,Returning User,0,0,0,514,403,,
2014-10-12,Email,Returning User,1,0,0,1663,1212,,
2014-10-12,Email,Returning User,1,1,0,1186,1102,,
2014-10-12,Email,Returning User,0,0,1,61,73,,
2014-10-12,Email,Returning User,1,0,1,241,234,,
2014-10-12,Email,New User,0,0,0,735,730,,
2014-10-12,Email,New User,1,0,0,2635,2916,,
2014-10-12,Email,New User,1,1,0,1873,2254,,
2014-10-12,Email,New User,0,0,1,74,70,,
2014-10-12,Email,New User,1,0,1,266,269,,
2014-10-12,Paid Search,Returning User,0,0,0,661,657,,
2014-10-12,Paid Search,Returning User,1,0,0,2933,3139,,
2014-10-12,Paid Search,Returning User,1,1,0,2021,1943,,
2014-10-12,Paid Search,Returning User,0,0,1,104,74,,
2014-10-12,Paid Search,Returning User,1,0,1,407,265,,
2014-10-12,Paid Search,New User,0,0,0,1164,1168,,
2014-10-12,Paid Search,New User,1,0,0,3895,3642,,
2014-10-12,Paid Search,New User,1,1,0,3121,3185,,
2014-10-12,Paid Search,New User,0,0,1,116,93,,
2014-10-12,Paid Search,New User,1,0,1,337,434,,
2014-10-12,SEO,Returning User,0,0,0,1606,1293,,
2014-10-12,SEO,Returning User,1,0,0,5717,5094,,
2014-10-12,SEO,Returning User,1,1,0,4940,3881,,
2014-10-12,SEO,Returning User,0,0,1,149,147,,
2014-10-12,SEO,Returning User,1,0,1,567,540,,
2014-10-12,SEO,New User,0,0,0,2131,2743,,
2014-10-12,SEO,New User,1,0,0,9500,8992,,
2014-10-12,SEO,New User,1,1,0,6417,8075,,
2014-10-12,SEO,New User,0,0,1,232,204,,
2014-10-12,SEO,New User,1,0,1,769,790,,
2014-10-12,Social Media,Returning User,0,0,0,290,385,,
2014-10-12,Social Media,Returning User,1,0,0,955,1118,,
2014-10-12,Social Media,Returning User,1,1,0,704,1104,,
2014-10-12,Social Media,Returning User,0,0,1,78,70,,
2014-10-12,Social Media,Returning User,1,0,1,142,129,,
2014-10-12,Social Media,New User,0,0,0,618,510,,
2014-10-12,Social Media,New User,1,0,0,2399,1966,,
2014-10-12,Social Media,New User,1,1,0,1804,1353,,
2014-10-12,Social Media,New User,0,0,1,46,49,,
2014-10-12,Social Media,New User,1,0,1,211,204,,
2014-10-13,Affiliate,Returning User,0,0,0,1103,1144,,
2014-10-13,Affiliate,Returning User,1,0,0,4914,3456,,
2014-10-13,Affiliate,Returning User,1,1,0,3070,2963,,
2014-10-13,Affiliate,Returning User,0,0,1,142,118,,
2014-10-13,Affiliate,Returning User,1,0,1,429,406,,
2014-10-13,Affiliate,New User,0,0,0,1742,1611,,
2014-10-13,Affiliate,New User,1,0,0,5739,6786,,
2014-10-13,Affiliate,New User,1,1,0,4621,4909,,
2014-10-13,Affiliate,New User,0,0,1,146,142,,
2014-10-13,Affiliate,New User,1,0,1,591,599,,
2014-10-13,Direct,Returning User,0,0,0,2703,2347,,
2014-10-13,Direct,Returning User,1,0,0,13407,9852,,
2014-10-13,Direct,Returning User,1,1,0,7437,9154,,
2014-10-13,Direct,Returning User,0,0,1,260,188,,
2014-10-13,Direct,Returning User,1,0,1,955,851,,
2014-10-13,Direct,New User,0,0,0,3774,3720,,
2014-10-13,Direct,New User,1,0,0,13579,15809,,
2014-10-13,Direct,New User,1,1,0,9982,10824,,
2014-10-13,Direct,New User,0,0,1,266,275,,
2014-10-13,Direct,New User,1,0,1,1339,1295,,
2014-10-13,Email,Returning User,0,0,0,413,384,,
2014-10-13,Email,Returning User,1,0,0,2063,2078,,
2014-10-13,Email,Returning User,1,1,0,1266,1556,,
2014-10-13,Email,Returning User,0,0,1,63,64,,
2014-10-13,Email,Returning User,1,0,1,202,202,,
2014-10-13,Email,New User,0,0,0,653,740,,
2014-10-13,Email,New User,1,0,0,2914,2711,,
2014-10-13,Email,New User,1,1,0,1847,1737,,
2014-10-13,Email,New User,0,0,1,45,48,,
2014-10-13,Email,New User,1,0,1,258,231,,
2014-10-13,Paid Search,Returning User,0,0,0,662,605,,
2014-10-13,Paid Search,Returning User,1,0,0,2858,2190,,
2014-10-13,Paid Search,Returning User,1,1,0,2003,1833,,
2014-10-13,Paid Search,Returning User,0,0,1,106,84,,
2014-10-13,Paid Search,Returning User,1,0,1,330,180,,
2014-10-13,Paid Search,New User,0,0,0,929,929,,
2014-10-13,Paid Search,New User,1,0,0,4429,5083,,
2014-10-13,Paid Search,New User,1,1,0,3327,4084,,
2014-10-13,Paid Search,New User,0,0,1,94,91,,
2014-10-13,Paid Search,New User,1,0,1,284,365,,
2014-10-13,SEO,Returning User,0,0,0,1474,1614,,
2014-10-13,SEO,Returning User,1,0,0,6555,5977,,
2014-10-13,SEO,Returning User,1,1,0,5473,4651,,
2014-10-13,SEO,Returning User,0,0,1,187,188,,
2014-10-13,SEO,Returning User,1,0,1,610,585,,
2014-10-13,SEO,New User,0,0,0,2542,2532,,
2014-10-13,SEO,New User,1,0,0,9090,9773,,
2014-10-13,SEO,New User,1,1,0,7766,8805,,
2014-10-13,SEO,New User,0,0,1,235,206,,
2014-10-13,SEO,New User,1,0,1,799,819,,
2014-10-13,Social Media,Returning User,0,0,0,315,322,,
2014-10-13,Social Media,Returning User,1,0,0,1469,1321,,
2014-10-13,Social Media,Returning User,1,1,0,819,1085,,
2014-10-13,Social Media,Returning User,0,0,1,71,53,,
2014-10-13,Social Media,Returning User,1,0,1,152,153,,
2014-10-13,Social Media,New User,0,0,0,563,482,,
2014-10-13,Social Media,New User,1,0,0,1886,2004,,
2014-10-13,Social Media,New User,1,1,0,1911,1586,,
2014-10-13,Social Media,New User,0,0,1,40,52,,
2014-10-13,Social Media,New User,1,0,1,190,188,,
2014-10-14,Affiliate,Returning User,0,0,0,1231,1048,,
2014-10-14,Affiliate,Returning User,1,0,0,4595,4446,,
2014-10-14,Affiliate,Returning User,1,1,0,3324,3706,,
2014-10-14,Affiliate,Returning User,0,0,1,109,106,,
2014-10-14,Affiliate,Returning User,1,0,1,367,286,,
2014-10-14,Affiliate,New User,0,0,0,1586,1706,,
2014-10-14,Affiliate,New User,1,0,0,6702,5955,,
2014-10-14,Affiliate,New User,1,1,0,6049,6111,,
2014-10-14,Affiliate,New User,0,0,1,131,140,,
2014-10-14,Affiliate,New User,1,0,1,466,530,,
2014-10-14,Direct,Returning User,0,0,0,2538,2738,,
2014-10-14,Direct,Returning User,1,0,0,13746,11987,,
2014-10-14,Direct,Returning User,1,1,0,7027,8134,,
2014-10-14,Direct,Returning User,0,0,1,221,244,,
2014-10-14,Direct,Returning User,1,0,1,829,618,,
2014-10-14,Direct,New User,0,0,0,4147,4179,,
2014-10-14,Direct,New User,1,0,0,10881,13507,,
2014-10-14,Direct,New User,1,1,0,12850,12283,,
2014-10-14,Direct,New User,0,0,1,316,261,,
2014-10-14,Direct,New User,1,0,1,1129,1065,,
2014-10-14,Email,Returning User,0,0,0,533,520,,
2014-10-14,Email,Returning User,1,0,0,1768,1961,,
2014-10-14,Email,Returning User,1,1,0,1092,1462,,
2014-10-14,Email,Returning User,0,0,1,80,49,,
2014-10-14,Email,Returning User,1,0,1,182,163,,
2014-10-14,Email,New User,0,0,0,734,749,,
2014-10-14,Email,New User,1,0,0,2734,2434,,
2014-10-14,Email,New User,1,1,0,2210,2117,,
2014-10-14,Email,New User,0,0,1,53,52,,
2014-10-14,Email,New User,1,0,1,184,194,,
2014-10-14,Paid Search,Returning User,0,0,0,631,798,,
2014-10-14,Paid Search,Returning User,1,0,0,2825,3133,,
2014-10-14,Paid Search,Returning User,1,1,0,2236,2449,,
2014-10-14,Paid Search,Returning User,0,0,1,61,87,,
2014-10-14,Paid Search,Returning User,1,0,1,227,237,,
2014-10-14,Paid Search,New User,0,0,0,1082,904,,
2014-10-14,Paid Search,New User,1,0,0,3520,3442,,
2014-10-14,Paid Search,New User,1,1,0,3341,3576,,
2014-10-14,Paid Search,New User,0,0,1,71,82,,
2014-10-14,Paid Search,New User,1,0,1,281,286,,
2014-10-14,SEO,Returning User,0,0,0,1717,1671,,
2014-10-14,SEO,Returning User,1,0,0,4813,8291,,
2014-10-14,SEO,Returning User,1,1,0,5110,5230,,
2014-10-14,SEO,Returning User,0,0,1,108,118,,
2014-10-14,SEO,Returning User,1,0,1,422,462,,
2014-10-14,SEO,New User,0,0,0,2422,2372,,
2014-10-14,SEO,New User,1,0,0,11619,8535,,
2014-10-14,SEO,New User,1,1,0,7587,8947,,
2014-10-14,SEO,New User,0,0,1,162,172,,
2014-10-14,SEO,New User,1,0,1,787,739,,
2014-10-14,Social Media,Returning User,0,0,0,328,311,,
2014-10-14,Social Media,Returning User,1,0,0,1656,1146,,
2014-10-14,Social Media,Returning User,1,1,0,1175,1163,,
2014-10-14,Social Media,Returning User,0,0,1,50,71,,
2014-10-14,Social Media,Returning User,1,0,1,160,120,,
2014-10-14,Social Media,New User,0,0,0,543,628,,
2014-10-14,Social Media,New User,1,0,0,1686,2176,,
2014-10-14,Social Media,New User,1,1,0,1471,1423,,
2014-10-14,Social Media,New User,0,0,1,34,41,,
2014-10-14,Social Media,New User,1,0,1,153,168,,
2014-10-15,Affiliate,Returning User,0,0,0,1234,969,,
2014-10-15,Affiliate,Returning User,1,0,0,5092,2878,,
2014-10-15,Affiliate,Returning User,1,1,0,3070,3050,,
2014-10-15,Affiliate,Returning User,0,0,1,133,115,,
2014-10-15,Affiliate,Returning User,1,0,1,375,308,,
2014-10-15,Affiliate,New User,0,0,0,1569,1809,,
2014-10-15,Affiliate,New User,1,0,0,6152,8695,,
2014-10-15,Affiliate,New User,1,1,0,6144,5817,,
2014-10-15,Affiliate,New User,0,0,1,143,140,,
2014-10-15,Affiliate,New User,1,0,1,487,537,,
2014-10-15,Direct,Returning User,0,0,0,2496,2892,,
2014-10-15,Direct,Returning User,1,0,0,9878,9026,,
2014-10-15,Direct,Returning User,1,1,0,9488,7809,,
2014-10-15,Direct,Returning User,0,0,1,229,201,,
2014-10-15,Direct,Returning User,1,0,1,827,729,,
2014-10-15,Direct,New User,0,0,0,3610,3494,,
2014-10-15,Direct,New User,1,0,0,12316,13625,,
2014-10-15,Direct,New User,1,1,0,12412,14485,,
2014-10-15,Direct,New User,0,0,1,227,234,,
2014-10-15,Direct,New User,1,0,1,1057,1072,,
2014-10-15,Email,Returning User,0,0,0,499,513,,
2014-10-15,Email,Returning User,1,0,0,1926,1698,,
2014-10-15,Email,Returning User,1,1,0,1644,1177,,
2014-10-15,Email,Returning User,0,0,1,37,66,,
2014-10-15,Email,Returning User,1,0,1,130,158,,
2014-10-15,Email,New User,0,0,0,719,688,,
2014-10-15,Email,New User,1,0,0,2496,2371,,
2014-10-15,Email,New User,1,1,0,2117,2759,,
2014-10-15,Email,New User,0,0,1,49,47,,
2014-10-15,Email,New User,1,0,1,189,163,,
2014-10-15,Paid Search,Returning User,0,0,0,512,768,,
2014-10-15,Paid Search,Returning User,1,0,0,2363,2725,,
2014-10-15,Paid Search,Returning User,1,1,0,2274,2938,,
2014-10-15,Paid Search,Returning User,0,0,1,109,70,,
2014-10-15,Paid Search,Returning User,1,0,1,238,238,,
2014-10-15,Paid Search,New User,0,0,0,1190,1017,,
2014-10-15,Paid Search,New User,1,0,0,3983,3738,,
2014-10-15,Paid Search,New User,1,1,0,3592,3787,,
2014-10-15,Paid Search,New User,0,0,1,83,90,,
2014-10-15,Paid Search,New User,1,0,1,300,313,,
2014-10-15,SEO,Returning User,0,0,0,1761,1217,,
2014-10-15,SEO,Returning User,1,0,0,8368,5407,,
2014-10-15,SEO,Returning User,1,1,0,4589,6998,,
2014-10-15,SEO,Returning User,0,0,1,131,138,,
2014-10-15,SEO,Returning User,1,0,1,477,401,,
2014-10-15,SEO,New User,0,0,0,2122,2558,,
2014-10-15,SEO,New User,1,0,0,8318,10511,,
2014-10-15,SEO,New User,1,1,0,9764,8451,,
2014-10-15,SEO,New User,0,0,1,177,193,,
2014-10-15,SEO,New User,1,0,1,627,617,,
2014-10-15,Social Media,Returning User,0,0,0,374,328,,
2014-10-15,Social Media,Returning User,1,0,0,1127,1092,,
2014-10-15,Social Media,Returning User,1,1,0,1104,1364,,
2014-10-15,Social Media,Returning User,0,0,1,44,25,,
2014-10-15,Social Media,Returning User,1,0,1,157,153,,
2014-10-15,Social Media,New User,0,0,0,551,526,,
2014-10-15,Social Media,New User,1,0,0,1973,1983,,
2014-10-15,Social Media,New User,1,1,0,1689,1634,,
2014-10-15,Social Media,New User,0,0,1,37,36,,
2014-10-15,Social Media,New User,1,0,1,138,135,,
2014-10-16,Affiliate,Returning User,0,0,0,1018,926,,
2014-10-16,Affiliate,Returning User,1,0,0,4487,3028,,
2014-10-16,Affiliate,Returning User,1,1,0,4764,3516,,
2014-10-16,Affiliate,Returning User,0,0,1,91,118,,
2014-10-16,Affiliate,Returning User,1,0,1,381,373,,
2014-10-16,Affiliate,New User,0,0,0,1638,1848,,
2014-10-16,Affiliate,New User,1,0,0,6060,7134,,
2014-10-16,Affiliate,New User,1,1,0,6003,7444,,
2014-10-16,Affiliate,New User,0,0,1,130,115,,
2014-10-16,Affiliate,New User,1,0,1,528,532,,
2014-10-16,Direct,Returning User,0,0,0,2180,2839,,
2014-10-16,Direct,Returning User,1,0,0,9402,10063,,
2014-10-16,Direct,Returning User,1,1,0,10007,10192,,
2014-10-16,Direct,Returning User,0,0,1,172,183,,
2014-10-16,Direct,Returning User,1,0,1,811,711,,
2014-10-16,Direct,New User,0,0,0,3854,3271,,
2014-10-16,Direct,New User,1,0,0,17686,15788,,
2014-10-16,Direct,New User,1,1,0,14304,14793,,
2014-10-16,Direct,New User,0,0,1,241,224,,
2014-10-16,Direct,New User,1,0,1,944,940,,
2014-10-16,Email,Returning User,0,0,0,489,482,,
2014-10-16,Email,Returning User,1,0,0,1657,2000,,
2014-10-16,Email,Returning User,1,1,0,1487,1727,,
2014-10-16,Email,Returning User,0,0,1,45,41,,
2014-10-16,Email,Returning User,1,0,1,173,184,,
2014-10-16,Email,New User,0,0,0,777,692,,
2014-10-16,Email,New User,1,0,0,3108,2666,,
2014-10-16,Email,New User,1,1,0,2429,2350,,
2014-10-16,Email,New User,0,0,1,53,52,,
2014-10-16,Email,New User,1,0,1,157,170,,
2014-10-16,Paid Search,Returning User,0,0,0,582,737,,
2014-10-16,Paid Search,Returning User,1,0,0,3204,2870,,
2014-10-16,Paid Search,Returning User,1,1,0,2390,2978,,
2014-10-16,Paid Search,Returning User,0,0,1,54,92,,
2014-10-16,Paid Search,Returning User,1,0,1,223,224,,
2014-10-16,Paid Search,New User,0,0,0,1096,845,,
2014-10-16,Paid Search,New User,1,0,0,3634,4361,,
2014-10-16,Paid Search,New User,1,1,0,3966,4208,,
2014-10-16,Paid Search,New User,0,0,1,65,68,,
2014-10-16,Paid Search,New User,1,0,1,262,254,,
2014-10-16,SEO,Returning User,0,0,0,1399,1436,,
2014-10-16,SEO,Returning User,1,0,0,4950,6844,,
2014-10-16,SEO,Returning User,1,1,0,7744,5806,,
2014-10-16,SEO,Returning User,0,0,1,148,108,,
2014-10-16,SEO,Returning User,1,0,1,442,447,,
2014-10-16,SEO,New User,0,0,0,2411,2488,,
2014-10-16,SEO,New User,1,0,0,9641,8567,,
2014-10-16,SEO,New User,1,1,0,7764,11461,,
2014-10-16,SEO,New User,0,0,1,177,181,,
2014-10-16,SEO,New User,1,0,1,606,537,,
2014-10-16,Social Media,Returning User,0,0,0,318,367,,
2014-10-16,Social Media,Returning User,1,0,0,1324,1288,,
2014-10-16,Social Media,Returning User,1,1,0,1142,1236,,
2014-10-16,Social Media,Returning User,0,0,1,30,40,,
2014-10-16,Social Media,Returning User,1,0,1,155,132,,
2014-10-16,Social Media,New User,0,0,0,497,426,,
2014-10-16,Social Media,New User,1,0,0,1917,1888,,
2014-10-16,Social Media,New User,1,1,0,1856,1687,,
2014-10-16,Social Media,New User,0,0,1,38,42,,
2014-10-16,Social Media,New User,1,0,1,165,175,,
2014-10-17,Affiliate,Returning User,0,0,0,1044,926,,
2014-10-17,Affiliate,Returning User,1,0,0,4723,4103,,
2014-10-17,Affiliate,Returning User,1,1,0,3060,3736,,
2014-10-17,Affiliate,Returning User,0,0,1,105,126,,
2014-10-17,Affiliate,Returning User,1,0,1,444,442,,
2014-10-17,Affiliate,New User,0,0,0,1790,1969,,
2014-10-17,Affiliate,New User,1,0,0,6433,7741,,
2014-10-17,Affiliate,New User,1,1,0,4527,4320,,
2014-10-17,Affiliate,New User,0,0,1,163,157,,
2014-10-17,Affiliate,New User,1,0,1,606,642,,
2014-10-17,Direct,Returning User,0,0,0,3008,2344,,
2014-10-17,Direct,Returning User,1,0,0,9503,10903,,
2014-10-17,Direct,Returning User,1,1,0,5837,8363,,
2014-10-17,Direct,Returning User,0,0,1,263,252,,
2014-10-17,Direct,Returning User,1,0,1,1048,869,,
2014-10-17,Direct,New User,0,0,0,3436,4329,,
2014-10-17,Direct,New User,1,0,0,17954,14261,,
2014-10-17,Direct,New User,1,1,0,11222,8756,,
2014-10-17,Direct,New User,0,0,1,375,332,,
2014-10-17,Direct,New User,1,0,1,1401,1469,,
2014-10-17,Email,Returning User,0,0,0,483,443,,
2014-10-17,Email,Returning User,1,0,0,2219,1981,,
2014-10-17,Email,Returning User,1,1,0,1008,1537,,
2014-10-17,Email,Returning User,0,0,1,80,64,,
2014-10-17,Email,Returning User,1,0,1,186,109,,
2014-10-17,Email,New User,0,0,0,592,584,,
2014-10-17,Email,New User,1,0,0,2616,2812,,
2014-10-17,Email,New User,1,1,0,2179,1919,,
2014-10-17,Email,New User,0,0,1,70,61,,
2014-10-17,Email,New User,1,0,1,238,298,,
2014-10-17,Paid Search,Returning User,0,0,0,777,647,,
2014-10-17,Paid Search,Returning User,1,0,0,2989,2835,,
2014-10-17,Paid Search,Returning User,1,1,0,2008,1596,,
2014-10-17,Paid Search,Returning User,0,0,1,111,102,,
2014-10-17,Paid Search,Returning User,1,0,1,241,263,,
2014-10-17,Paid Search,New User,0,0,0,924,1125,,
2014-10-17,Paid Search,New User,1,0,0,4414,4925,,
2014-10-17,Paid Search,New User,1,1,0,2330,3109,,
2014-10-17,Paid Search,New User,0,0,1,103,103,,
2014-10-17,Paid Search,New User,1,0,1,411,377,,
2014-10-17,SEO,Returning User,0,0,0,1352,1041,,
2014-10-17,SEO,Returning User,1,0,0,5707,5663,,
2014-10-17,SEO,Returning User,1,1,0,5849,4749,,
2014-10-17,SEO,Returning User,0,0,1,160,171,,
2014-10-17,SEO,Returning User,1,0,1,626,560,,
2014-10-17,SEO,New User,0,0,0,2500,2541,,
2014-10-17,SEO,New User,1,0,0,11026,11792,,
2014-10-17,SEO,New User,1,1,0,5584,7135,,
2014-10-17,SEO,New User,0,0,1,241,203,,
2014-10-17,SEO,New User,1,0,1,1013,1041,,
2014-10-17,Social Media,Returning User,0,0,0,326,263,,
2014-10-17,Social Media,Returning User,1,0,0,1657,1411,,
2014-10-17,Social Media,Returning User,1,1,0,1125,1062,,
2014-10-17,Social Media,Returning User,0,0,1,42,81,,
2014-10-17,Social Media,Returning User,1,0,1,151,162,,
2014-10-17,Social Media,New User,0,0,0,533,594,,
2014-10-17,Social Media,New User,1,0,0,2234,2194,,
2014-10-17,Social Media,New User,1,1,0,1227,1548,,
2014-10-17,Social Media,New User,0,0,1,52,48,,
2014-10-17,Social Media,New User,1,0,1,214,215,,
2014-10-18,Affiliate,Returning User,0,0,0,899,1373,,
2014-10-18,Affiliate,Returning User,1,0,0,5386,6344,,
2014-10-18,Affiliate,Returning User,1,1,0,2419,2789,,
2014-10-18,Affiliate,Returning User,0,0,1,198,240,,
2014-10-18,Affiliate,Returning User,1,0,1,666,769,,
2014-10-18,Affiliate,New User,0,0,0,2321,1976,,
2014-10-18,Affiliate,New User,1,0,0,8879,8162,,
2014-10-18,Affiliate,New User,1,1,0,4296,3994,,
2014-10-18,Affiliate,New User,0,0,1,278,272,,
2014-10-18,Affiliate,New User,1,0,1,1201,1147,,
2014-10-18,Direct,Returning User,0,0,0,3118,3894,,
2014-10-18,Direct,Returning User,1,0,0,12734,12144,,
2014-10-18,Direct,Returning User,1,1,0,5816,5693,,
2014-10-18,Direct,Returning User,0,0,1,402,432,,
2014-10-18,Direct,Returning User,1,0,1,3133,3211,,
2014-10-18,Direct,New User,0,0,0,4566,4208,,
2014-10-18,Direct,New User,1,0,0,19938,19045,,
2014-10-18,Direct,New User,1,1,0,8366,8633,,
2014-10-18,Direct,New User,0,0,1,521,511,,
2014-10-18,Direct,New User,1,0,1,2198,2050,,
2014-10-18,Email,Returning User,0,0,0,607,500,,
2014-10-18,Email,Returning User,1,0,0,2178,1574,,
2014-10-18,Email,Returning User,1,1,0,990,1058,,
2014-10-18,Email,Returning User,0,0,1,215,190,,
2014-10-18,Email,Returning User,1,0,1,365,437,,
2014-10-18,Email,New User,0,0,0,802,922,,
2014-10-18,Email,New User,1,0,0,2558,3347,,
2014-10-18,Email,New User,1,1,0,1524,1481,,
2014-10-18,Email,New User,0,0,1,113,95,,
2014-10-18,Email,New User,1,0,1,455,406,,
2014-10-18,Paid Search,Returning User,0,0,0,678,936,,
2014-10-18,Paid Search,Returning User,1,0,0,3310,3217,,
2014-10-18,Paid Search,Returning User,1,1,0,1324,1667,,
2014-10-18,Paid Search,Returning User,0,0,1,124,125,,
2014-10-18,Paid Search,Returning User,1,0,1,494,451,,
2014-10-18,Paid Search,New User,0,0,0,1202,941,,
2014-10-18,Paid Search,New User,1,0,0,4656,4423,,
2014-10-18,Paid Search,New User,1,1,0,2797,2496,,
2014-10-18,Paid Search,New User,0,0,1,188,187,,
2014-10-18,Paid Search,New User,1,0,1,611,708,,
2014-10-18,SEO,Returning User,0,0,0,1512,1810,,
2014-10-18,SEO,Returning User,1,0,0,9296,8228,,
2014-10-18,SEO,Returning User,1,1,0,2959,4034,,
2014-10-18,SEO,Returning User,0,0,1,314,236,,
2014-10-18,SEO,Returning User,1,0,1,1067,800,,
2014-10-18,SEO,New User,0,0,0,3145,2674,,
2014-10-18,SEO,New User,1,0,0,10348,11650,,
2014-10-18,SEO,New User,1,1,0,5898,4910,,
2014-10-18,SEO,New User,0,0,1,358,400,,
2014-10-18,SEO,New User,1,0,1,1543,1781,,
2014-10-18,Social Media,Returning User,0,0,0,337,263,,
2014-10-18,Social Media,Returning User,1,0,0,1532,1649,,
2014-10-18,Social Media,Returning User,1,1,0,898,1042,,
2014-10-18,Social Media,Returning User,0,0,1,108,62,,
2014-10-18,Social Media,Returning User,1,0,1,209,364,,
2014-10-18,Social Media,New User,0,0,0,631,631,,
2014-10-18,Social Media,New User,1,0,0,2113,2129,,
2014-10-18,Social Media,New User,1,1,0,1348,1226,,
2014-10-18,Social Media,New User,0,0,1,73,83,,
2014-10-18,Social Media,New User,1,0,1,409,307,,
2014-10-19,Affiliate,Returning User,0,0,0,1253,1031,,
2014-10-19,Affiliate,Returning User,1,0,0,4063,4684,,
2014-10-19,Affiliate,Returning User,1,1,0,3082,2986,,
2014-10-19,Affiliate,Returning User,0,0,1,124,144,,
2014-10-19,Affiliate,Returning User,1,0,1,609,469,,
2014-10-19,Affiliate,New User,0,0,0,1848,2048,,
2014-10-19,Affiliate,New User,1,0,0,6824,5933,,
2014-10-19,Affiliate,New User,1,1,0,4522,4803,,
2014-10-19,Affiliate,New User,0,0,1,150,164,,
2014-10-19,Affiliate,New User,1,0,1,651,788,,
2014-10-19,Direct,Returning User,0,0,0,2089,2434,,
2014-10-19,Direct,Returning User,1,0,0,11002,9885,,
2014-10-19,Direct,Returning User,1,1,0,5713,6386,,
2014-10-19,Direct,Returning User,0,0,1,276,309,,
2014-10-19,Direct,Returning User,1,0,1,852,850,,
2014-10-19,Direct,New User,0,0,0,3740,3718,,
2014-10-19,Direct,New User,1,0,0,16654,16964,,
2014-10-19,Direct,New User,1,1,0,11858,11905,,
2014-10-19,Direct,New User,0,0,1,434,391,,
2014-10-19,Direct,New User,1,0,1,1572,1479,,
2014-10-19,Email,Returning User,0,0,0,374,413,,
2014-10-19,Email,Returning User,1,0,0,1639,2301,,
2014-10-19,Email,Returning User,1,1,0,1091,1145,,
2014-10-19,Email,Returning User,0,0,1,82,59,,
2014-10-19,Email,Returning User,1,0,1,186,206,,
2014-10-19,Email,New User,0,0,0,787,722,,
2014-10-19,Email,New User,1,0,0,3020,2492,,
2014-10-19,Email,New User,1,1,0,1731,1710,,
2014-10-19,Email,New User,0,0,1,82,84,,
2014-10-19,Email,New User,1,0,1,328,287,,
2014-10-19,Paid Search,Returning User,0,0,0,718,688,,
2014-10-19,Paid Search,Returning User,1,0,0,2283,2897,,
2014-10-19,Paid Search,Returning User,1,1,0,1793,1982,,
2014-10-19,Paid Search,Returning User,0,0,1,91,108,,
2014-10-19,Paid Search,Returning User,1,0,1,374,340,,
2014-10-19,Paid Search,New User,0,0,0,992,1095,,
2014-10-19,Paid Search,New User,1,0,0,4031,3661,,
2014-10-19,Paid Search,New User,1,1,0,2408,2815,,
2014-10-19,Paid Search,New User,0,0,1,108,103,,
2014-10-19,Paid Search,New User,1,0,1,385,406,,
2014-10-19,SEO,Returning User,0,0,0,1788,1723,,
2014-10-19,SEO,Returning User,1,0,0,7073,6379,,
2014-10-19,SEO,Returning User,1,1,0,4413,3726,,
2014-10-19,SEO,Returning User,0,0,1,185,130,,
2014-10-19,SEO,Returning User,1,0,1,861,638,,
2014-10-19,SEO,New User,0,0,0,2118,2244,,
2014-10-19,SEO,New User,1,0,0,9581,10903,,
2014-10-19,SEO,New User,1,1,0,4478,6486,,
2014-10-19,SEO,New User,0,0,1,250,265,,
2014-10-19,SEO,New User,1,0,1,881,1059,,
2014-10-19,Social Media,Returning User,0,0,0,334,277,,
2014-10-19,Social Media,Returning User,1,0,0,1143,1412,,
2014-10-19,Social Media,Returning User,1,1,0,908,1055,,
2014-10-19,Social Media,Returning User,0,0,1,48,58,,
2014-10-19,Social Media,Returning User,1,0,1,159,161,,
2014-10-19,Social Media,New User,0,0,0,491,576,,
2014-10-19,Social Media,New User,1,0,0,1952,1693,,
2014-10-19,Social Media,New User,1,1,0,1175,1066,,
2014-10-19,Social Media,New User,0,0,1,46,47,,
2014-10-19,Social Media,New User,1,0,1,170,207,,
2014-10-20,Affiliate,Returning User,0,0,0,1194,1068,,
2014-10-20,Affiliate,Returning User,1,0,0,4870,4349,,
2014-10-20,Affiliate,Returning User,1,1,0,2881,3827,,
2014-10-20,Affiliate,Returning User,0,0,1,107,156,,
2014-10-20,Affiliate,Returning User,1,0,1,427,427,,
2014-10-20,Affiliate,New User,0,0,0,1486,1707,,
2014-10-20,Affiliate,New User,1,0,0,7274,7610,,
2014-10-20,Affiliate,New User,1,1,0,5405,4717,,
2014-10-20,Affiliate,New User,0,0,1,179,153,,
2014-10-20,Affiliate,New User,1,0,1,614,601,,
2014-10-20,Direct,Returning User,0,0,0,2439,2341,,
2014-10-20,Direct,Returning User,1,0,0,12204,11050,,
2014-10-20,Direct,Returning User,1,1,0,6531,7979,,
2014-10-20,Direct,Returning User,0,0,1,274,262,,
2014-10-20,Direct,Returning User,1,0,1,850,989,,
2014-10-20,Direct,New User,0,0,0,3914,3768,,
2014-10-20,Direct,New User,1,0,0,16836,16054,,
2014-10-20,Direct,New User,1,1,0,9356,9855,,
2014-10-20,Direct,New User,0,0,1,331,275,,
2014-10-20,Direct,New User,1,0,1,1616,1357,,
2014-10-20,Email,Returning User,0,0,0,505,531,,
2014-10-20,Email,Returning User,1,0,0,1824,1958,,
2014-10-20,Email,Returning User,1,1,0,1359,1630,,
2014-10-20,Email,Returning User,0,0,1,74,46,,
2014-10-20,Email,Returning User,1,0,1,181,181,,
2014-10-20,Email,New User,0,0,0,697,663,,
2014-10-20,Email,New User,1,0,0,2750,2712,,
2014-10-20,Email,New User,1,1,0,2058,2152,,
2014-10-20,Email,New User,0,0,1,52,53,,
2014-10-20,Email,New User,1,0,1,216,185,,
2014-10-20,Paid Search,Returning User,0,0,0,687,684,,
2014-10-20,Paid Search,Returning User,1,0,0,2701,3056,,
2014-10-20,Paid Search,Returning User,1,1,0,2161,2236,,
2014-10-20,Paid Search,Returning User,0,0,1,77,68,,
2014-10-20,Paid Search,Returning User,1,0,1,311,232,,
2014-10-20,Paid Search,New User,0,0,0,962,963,,
2014-10-20,Paid Search,New User,1,0,0,4708,3966,,
2014-10-20,Paid Search,New User,1,1,0,3040,3110,,
2014-10-20,Paid Search,New User,0,0,1,89,83,,
2014-10-20,Paid Search,New User,1,0,1,342,394,,
2014-10-20,SEO,Returning User,0,0,0,1280,2047,,
2014-10-20,SEO,Returning User,1,0,0,6437,5927,,
2014-10-20,SEO,Returning User,1,1,0,5797,4488,,
2014-10-20,SEO,Returning User,0,0,1,134,152,,
2014-10-20,SEO,Returning User,1,0,1,545,506,,
2014-10-20,SEO,New User,0,0,0,2764,2086,,
2014-10-20,SEO,New User,1,0,0,9563,9865,,
2014-10-20,SEO,New User,1,1,0,7096,9321,,
2014-10-20,SEO,New User,0,0,1,255,199,,
2014-10-20,SEO,New User,1,0,1,801,807,,
2014-10-20,Social Media,Returning User,0,0,0,331,388,,
2014-10-20,Social Media,Returning User,1,0,0,1129,1037,,
2014-10-20,Social Media,Returning User,1,1,0,1197,1146,,
2014-10-20,Social Media,Returning User,0,0,1,86,46,,
2014-10-20,Social Media,Returning User,1,0,1,112,138,,
2014-10-20,Social Media,New User,0,0,0,458,371,,
2014-10-20,Social Media,New User,1,0,0,2351,2199,,
2014-10-20,Social Media,New User,1,1,0,1108,1150,,
2014-10-20,Social Media,New User,0,0,1,41,50,,
2014-10-20,Social Media,New User,1,0,1,151,153,,
2014-10-21,Affiliate,Returning User,0,0,0,1559,1417,,
2014-10-21,Affiliate,Returning User,1,0,0,3951,4766,,
2014-10-21,Affiliate,Returning User,1,1,0,3080,3718,,
2014-10-21,Affiliate,Returning User,0,0,1,118,127,,
2014-10-21,Affiliate,Returning User,1,0,1,379,320,,
2014-10-21,Affiliate,New User,0,0,0,1719,1798,,
2014-10-21,Affiliate,New User,1,0,0,6422,5840,,
2014-10-21,Affiliate,New User,1,1,0,5571,5469,,
2014-10-21,Affiliate,New User,0,0,1,155,157,,
2014-10-21,Affiliate,New User,1,0,1,568,633,,
2014-10-21,Direct,Returning User,0,0,0,2461,2587,,
2014-10-21,Direct,Returning User,1,0,0,11758,10415,,
2014-10-21,Direct,Returning User,1,1,0,7186,8726,,
2014-10-21,Direct,Returning User,0,0,1,199,205,,
2014-10-21,Direct,Returning User,1,0,1,809,1005,,
2014-10-21,Direct,New User,0,0,0,3864,3816,,
2014-10-21,Direct,New User,1,0,0,14627,15751,,
2014-10-21,Direct,New User,1,1,0,12944,13168,,
2014-10-21,Direct,New User,0,0,1,305,323,,
2014-10-21,Direct,New User,1,0,1,1328,1117,,
2014-10-21,Email,Returning User,0,0,0,409,424,,
2014-10-21,Email,Returning User,1,0,0,2281,2730,,
2014-10-21,Email,Returning User,1,1,0,1344,1422,,
2014-10-21,Email,Returning User,0,0,1,49,77,,
2014-10-21,Email,Returning User,1,0,1,154,140,,
2014-10-21,Email,New User,0,0,0,595,579,,
2014-10-21,Email,New User,1,0,0,2640,2367,,
2014-10-21,Email,New User,1,1,0,2074,2290,,
2014-10-21,Email,New User,0,0,1,61,60,,
2014-10-21,Email,New User,1,0,1,230,214,,
2014-10-21,Paid Search,Returning User,0,0,0,598,539,,
2014-10-21,Paid Search,Returning User,1,0,0,2135,2366,,
2014-10-21,Paid Search,Returning User,1,1,0,2151,2080,,
2014-10-21,Paid Search,Returning User,0,0,1,50,101,,
2014-10-21,Paid Search,Returning User,1,0,1,242,268,,
2014-10-21,Paid Search,New User,0,0,0,1058,1161,,
2014-10-21,Paid Search,New User,1,0,0,4413,4405,,
2014-10-21,Paid Search,New User,1,1,0,3282,4106,,
2014-10-21,Paid Search,New User,0,0,1,79,65,,
2014-10-21,Paid Search,New User,1,0,1,325,280,,
2014-10-21,SEO,Returning User,0,0,0,1452,1148,,
2014-10-21,SEO,Returning User,1,0,0,6219,6564,,
2014-10-21,SEO,Returning User,1,1,0,4324,4961,,
2014-10-21,SEO,Returning User,0,0,1,184,170,,
2014-10-21,SEO,Returning User,1,0,1,587,423,,
2014-10-21,SEO,New User,0,0,0,2234,2538,,
2014-10-21,SEO,New User,1,0,0,8908,9118,,
2014-10-21,SEO,New User,1,1,0,6861,6909,,
2014-10-21,SEO,New User,0,0,1,209,200,,
2014-10-21,SEO,New User,1,0,1,831,977,,
2014-10-21,Social Media,Returning User,0,0,0,297,359,,
2014-10-21,Social Media,Returning User,1,0,0,866,1230,,
2014-10-21,Social Media,Returning User,1,1,0,918,1153,,
2014-10-21,Social Media,Returning User,0,0,1,76,46,,
2014-10-21,Social Media,Returning User,1,0,1,110,175,,
2014-10-21,Social Media,New User,0,0,0,506,500,,
2014-10-21,Social Media,New User,1,0,0,2337,1949,,
2014-10-21,Social Media,New User,1,1,0,1509,1350,,
2014-10-21,Social Media,New User,0,0,1,44,30,,
2014-10-21,Social Media,New User,1,0,1,187,165,,
2014-10-22,Affiliate,Returning User,0,0,0,1006,1411,,
2014-10-22,Affiliate,Returning User,1,0,0,5219,5044,,
2014-10-22,Affiliate,Returning User,1,1,0,3880,4481,,
2014-10-22,Affiliate,Returning User,0,0,1,130,119,,
2014-10-22,Affiliate,Returning User,1,0,1,343,345,,
2014-10-22,Affiliate,New User,0,0,0,2036,1604,,
2014-10-22,Affiliate,New User,1,0,0,7213,6439,,
2014-10-22,Affiliate,New User,1,1,0,6153,5825,,
2014-10-22,Affiliate,New User,0,0,1,145,148,,
2014-10-22,Affiliate,New User,1,0,1,480,440,,
2014-10-22,Direct,Returning User,0,0,0,2401,2318,,
2014-10-22,Direct,Returning User,1,0,0,11448,13798,,
2014-10-22,Direct,Returning User,1,1,0,9312,9378,,
2014-10-22,Direct,Returning User,0,0,1,256,230,,
2014-10-22,Direct,Returning User,1,0,1,782,720,,
2014-10-22,Direct,New User,0,0,0,3492,3329,,
2014-10-22,Direct,New User,1,0,0,15769,13911,,
2014-10-22,Direct,New User,1,1,0,11769,13650,,
2014-10-22,Direct,New User,0,0,1,256,277,,
2014-10-22,Direct,New User,1,0,1,1107,1068,,
2014-10-22,Email,Returning User,0,0,0,480,593,,
2014-10-22,Email,Returning User,1,0,0,1833,1941,,
2014-10-22,Email,Returning User,1,1,0,1435,1352,,
2014-10-22,Email,Returning User,0,0,1,71,40,,
2014-10-22,Email,Returning User,1,0,1,137,137,,
2014-10-22,Email,New User,0,0,0,757,660,,
2014-10-22,Email,New User,1,0,0,2780,2538,,
2014-10-22,Email,New User,1,1,0,2092,2574,,
2014-10-22,Email,New User,0,0,1,54,50,,
2014-10-22,Email,New User,1,0,1,215,232,,
2014-10-22,Paid Search,Returning User,0,0,0,755,781,,
2014-10-22,Paid Search,Returning User,1,0,0,3029,3147,,
2014-10-22,Paid Search,Returning User,1,1,0,2059,2414,,
2014-10-22,Paid Search,Returning User,0,0,1,97,71,,
2014-10-22,Paid Search,Returning User,1,0,1,268,211,,
2014-10-22,Paid Search,New User,0,0,0,1069,993,,
2014-10-22,Paid Search,New User,1,0,0,4238,4029,,
2014-10-22,Paid Search,New User,1,1,0,3714,3768,,
2014-10-22,Paid Search,New User,0,0,1,74,81,,
2014-10-22,Paid Search,New User,1,0,1,301,326,,
2014-10-22,SEO,Returning User,0,0,0,1645,1535,,
2014-10-22,SEO,Returning User,1,0,0,6330,6451,,
2014-10-22,SEO,Returning User,1,1,0,4658,5677,,
2014-10-22,SEO,Returning User,0,0,1,136,133,,
2014-10-22,SEO,Returning User,1,0,1,363,380,,
2014-10-22,SEO,New User,0,0,0,2765,2719,,
2014-10-22,SEO,New User,1,0,0,10065,11189,,
2014-10-22,SEO,New User,1,1,0,7626,7186,,
2014-10-22,SEO,New User,0,0,1,167,141,,
2014-10-22,SEO,New User,1,0,1,676,712,,
2014-10-22,Social Media,Returning User,0,0,0,257,267,,
2014-10-22,Social Media,Returning User,1,0,0,1572,1660,,
2014-10-22,Social Media,Returning User,1,1,0,1140,1060,,
2014-10-22,Social Media,Returning User,0,0,1,38,40,,
2014-10-22,Social Media,Returning User,1,0,1,157,140,,
2014-10-22,Social Media,New User,0,0,0,693,622,,
2014-10-22,Social Media,New User,1,0,0,1786,1659,,
2014-10-22,Social Media,New User,1,1,0,1688,1748,,
2014-10-22,Social Media,New User,0,0,1,34,40,,
2014-10-22,Social Media,New User,1,0,1,149,149,,
2014-10-23,Affiliate,Returning User,0,0,0,1193,1048,,
2014-10-23,Affiliate,Returning User,1,0,0,3488,5159,,
2014-10-23,Affiliate,Returning User,1,1,0,3691,4092,,
2014-10-23,Affiliate,Returning User,0,0,1,150,95,,
2014-10-23,Affiliate,Returning User,1,0,1,319,386,,
2014-10-23,Affiliate,New User,0,0,0,1621,1803,,
2014-10-23,Affiliate,New User,1,0,0,6976,5854,,
2014-10-23,Affiliate,New User,1,1,0,6472,5758,,
2014-10-23,Affiliate,New User,0,0,1,111,132,,
2014-10-23,Affiliate,New User,1,0,1,550,478,,
2014-10-23,Direct,Returning User,0,0,0,3019,3024,,
2014-10-23,Direct,Returning User,1,0,0,9499,8160,,
2014-10-23,Direct,Returning User,1,1,0,8415,7687,,
2014-10-23,Direct,Returning User,0,0,1,231,213,,
2014-10-23,Direct,Returning User,1,0,1,822,838,,
2014-10-23,Direct,New User,0,0,0,3988,3383,,
2014-10-23,Direct,New User,1,0,0,14442,14069,,
2014-10-23,Direct,New User,1,1,0,14244,14440,,
2014-10-23,Direct,New User,0,0,1,281,253,,
2014-10-23,Direct,New User,1,0,1,1259,1041,,
2014-10-23,Email,Returning User,0,0,0,389,458,,
2014-10-23,Email,Returning User,1,0,0,2160,2114,,
2014-10-23,Email,Returning User,1,1,0,1151,1543,,
2014-10-23,Email,Returning User,0,0,1,68,64,,
2014-10-23,Email,Returning User,1,0,1,205,173,,
2014-10-23,Email,New User,0,0,0,783,667,,
2014-10-23,Email,New User,1,0,0,2752,2953,,
2014-10-23,Email,New User,1,1,0,2627,2442,,
2014-10-23,Email,New User,0,0,1,58,53,,
2014-10-23,Email,New User,1,0,1,212,201,,
2014-10-23,Paid Search,Returning User,0,0,0,769,755,,
2014-10-23,Paid Search,Returning User,1,0,0,3139,3285,,
2014-10-23,Paid Search,Returning User,1,1,0,1968,2678,,
2014-10-23,Paid Search,Returning User,0,0,1,57,82,,
2014-10-23,Paid Search,Returning User,1,0,1,217,223,,
2014-10-23,Paid Search,New User,0,0,0,963,1058,,
2014-10-23,Paid Search,New User,1,0,0,3526,3144,,
2014-10-23,Paid Search,New User,1,1,0,3671,3683,,
2014-10-23,Paid Search,New User,0,0,1,81,78,,
2014-10-23,Paid Search,New User,1,0,1,301,295,,
2014-10-23,SEO,Returning User,0,0,0,1571,1904,,
2014-10-23,SEO,Returning User,1,0,0,5706,6113,,
2014-10-23,SEO,Returning User,1,1,0,4932,4818,,
2014-10-23,SEO,Returning User,0,0,1,117,139,,
2014-10-23,SEO,Returning User,1,0,1,563,585,,
2014-10-23,SEO,New User,0,0,0,2544,2411,,
2014-10-23,SEO,New User,1,0,0,10369,9452,,
2014-10-23,SEO,New User,1,1,0,7279,9138,,
2014-10-23,SEO,New User,0,0,1,202,178,,
2014-10-23,SEO,New User,1,0,1,649,580,,
2014-10-23,Social Media,Returning User,0,0,0,301,402,,
2014-10-23,Social Media,Returning User,1,0,0,1514,1349,,
2014-10-23,Social Media,Returning User,1,1,0,1062,1124,,
2014-10-23,Social Media,Returning User,0,0,1,52,61,,
2014-10-23,Social Media,Returning User,1,0,1,143,124,,
2014-10-23,Social Media,New User,0,0,0,545,445,,
2014-10-23,Social Media,New User,1,0,0,1593,1830,,
2014-10-23,Social Media,New User,1,1,0,1851,1879,,
2014-10-23,Social Media,New User,0,0,1,42,38,,
2014-10-23,Social Media,New User,1,0,1,142,162,,
2014-10-24,Affiliate,Returning User,0,0,0,996,1214,,
2014-10-24,Affiliate,Returning User,1,0,0,3982,3721,,
2014-10-24,Affiliate,Returning User,1,1,0,3520,2732,,
2014-10-24,Affiliate,Returning User,0,0,1,159,169,,
2014-10-24,Affiliate,Returning User,1,0,1,441,402,,
2014-10-24,Affiliate,New User,0,0,0,1901,1686,,
2014-10-24,Affiliate,New User,1,0,0,6690,6961,,
2014-10-24,Affiliate,New User,1,1,0,3685,4882,,
2014-10-24,Affiliate,New User,0,0,1,141,146,,
2014-10-24,Affiliate,New User,1,0,1,582,613,,
2014-10-24,Direct,Returning User,0,0,0,2260,2786,,
2014-10-24,Direct,Returning User,1,0,0,11487,10186,,
2014-10-24,Direct,Returning User,1,1,0,5961,7079,,
2014-10-24,Direct,Returning User,0,0,1,281,269,,
2014-10-24,Direct,Returning User,1,0,1,1028,1123,,
2014-10-24,Direct,New User,0,0,0,3943,3790,,
2014-10-24,Direct,New User,1,0,0,15718,17400,,
2014-10-24,Direct,New User,1,1,0,9877,9918,,
2014-10-24,Direct,New User,0,0,1,409,362,,
2014-10-24,Direct,New User,1,0,1,1489,1386,,
2014-10-24,Email,Returning User,0,0,0,497,496,,
2014-10-24,Email,Returning User,1,0,0,1334,2116,,
2014-10-24,Email,Returning User,1,1,0,1327,1224,,
2014-10-24,Email,Returning User,0,0,1,96,80,,
2014-10-24,Email,Returning User,1,0,1,150,196,,
2014-10-24,Email,New User,0,0,0,685,722,,
2014-10-24,Email,New User,1,0,0,3040,2305,,
2014-10-24,Email,New User,1,1,0,2011,2164,,
2014-10-24,Email,New User,0,0,1,59,53,,
2014-10-24,Email,New User,1,0,1,263,221,,
2014-10-24,Paid Search,Returning User,0,0,0,756,655,,
2014-10-24,Paid Search,Returning User,1,0,0,2377,2565,,
2014-10-24,Paid Search,Returning User,1,1,0,1740,1957,,
2014-10-24,Paid Search,Returning User,0,0,1,70,77,,
2014-10-24,Paid Search,Returning User,1,0,1,301,249,,
2014-10-24,Paid Search,New User,0,0,0,1053,1160,,
2014-10-24,Paid Search,New User,1,0,0,4036,3969,,
2014-10-24,Paid Search,New User,1,1,0,3083,2828,,
2014-10-24,Paid Search,New User,0,0,1,115,91,,
2014-10-24,Paid Search,New User,1,0,1,320,346,,
2014-10-24,SEO,Returning User,0,0,0,1213,1875,,
2014-10-24,SEO,Returning User,1,0,0,6867,5322,,
2014-10-24,SEO,Returning User,1,1,0,4508,3391,,
2014-10-24,SEO,Returning User,0,0,1,132,166,,
2014-10-24,SEO,Returning User,1,0,1,568,505,,
2014-10-24,SEO,New User,0,0,0,2586,1909,,
2014-10-24,SEO,New User,1,0,0,8000,9209,,
2014-10-24,SEO,New User,1,1,0,5943,7551,,
2014-10-24,SEO,New User,0,0,1,243,175,,
2014-10-24,SEO,New User,1,0,1,815,845,,
2014-10-24,Social Media,Returning User,0,0,0,312,445,,
2014-10-24,Social Media,Returning User,1,0,0,1630,1460,,
2014-10-24,Social Media,Returning User,1,1,0,865,1026,,
2014-10-24,Social Media,Returning User,0,0,1,76,49,,
2014-10-24,Social Media,Returning User,1,0,1,171,192,,
2014-10-24,Social Media,New User,0,0,0,597,450,,
2014-10-24,Social Media,New User,1,0,0,1846,1943,,
2014-10-24,Social Media,New User,1,1,0,1512,1392,,
2014-10-24,Social Media,New User,0,0,1,43,47,,
2014-10-24,Social Media,New User,1,0,1,201,197,,
2014-10-25,Affiliate,Returning User,0,0,0,1152,1391,,
2014-10-25,Affiliate,Returning User,1,0,0,4433,4246,,
2014-10-25,Affiliate,Returning User,1,1,0,3929,2587,,
2014-10-25,Affiliate,Returning User,0,0,1,98,114,,
2014-10-25,Affiliate,Returning User,1,0,1,364,236,,
2014-10-25,Affiliate,New User,0,0,0,1963,1591,,
2014-10-25,Affiliate,New User,1,0,0,7176,7057,,
2014-10-25,Affiliate,New User,1,1,0,4292,5907,,
2014-10-25,Affiliate,New User,0,0,1,148,134,,
2014-10-25,Affiliate,New User,1,0,1,544,597,,
2014-10-25,Direct,Returning User,0,0,0,2542,2700,,
2014-10-25,Direct,Returning User,1,0,0,9283,8542,,
2014-10-25,Direct,Returning User,1,1,0,5701,7516,,
2014-10-25,Direct,Returning User,0,0,1,244,264,,
2014-10-25,Direct,Returning User,1,0,1,967,674,,
2014-10-25,Direct,New User,0,0,0,3603,3955,,
2014-10-25,Direct,New User,1,0,0,16101,16916,,
2014-10-25,Direct,New User,1,1,0,12773,12645,,
2014-10-25,Direct,New User,0,0,1,287,244,,
2014-10-25,Direct,New User,1,0,1,1106,1097,,
2014-10-25,Email,Returning User,0,0,0,623,501,,
2014-10-25,Email,Returning User,1,0,0,2536,1606,,
2014-10-25,Email,Returning User,1,1,0,1562,1573,,
2014-10-25,Email,Returning User,0,0,1,78,40,,
2014-10-25,Email,Returning User,1,0,1,191,163,,
2014-10-25,Email,New User,0,0,0,616,721,,
2014-10-25,Email,New User,1,0,0,2605,3180,,
2014-10-25,Email,New User,1,1,0,2377,2516,,
2014-10-25,Email,New User,0,0,1,52,61,,
2014-10-25,Email,New User,1,0,1,212,199,,
2014-10-25,Paid Search,Returning User,0,0,0,697,779,,
2014-10-25,Paid Search,Returning User,1,0,0,2765,3115,,
2014-10-25,Paid Search,Returning User,1,1,0,2115,2410,,
2014-10-25,Paid Search,Returning User,0,0,1,76,80,,
2014-10-25,Paid Search,Returning User,1,0,1,315,257,,
2014-10-25,Paid Search,New User,0,0,0,1100,1083,,
2014-10-25,Paid Search,New User,1,0,0,4196,3672,,
2014-10-25,Paid Search,New User,1,1,0,3343,3276,,
2014-10-25,Paid Search,New User,0,0,1,87,72,,
2014-10-25,Paid Search,New User,1,0,1,326,385,,
2014-10-25,SEO,Returning User,0,0,0,1738,1802,,
2014-10-25,SEO,Returning User,1,0,0,5329,7439,,
2014-10-25,SEO,Returning User,1,1,0,4579,5855,,
2014-10-25,SEO,Returning User,0,0,1,165,163,,
2014-10-25,SEO,Returning User,1,0,1,622,486,,
2014-10-25,SEO,New User,0,0,0,2355,2481,,
2014-10-25,SEO,New User,1,0,0,10441,8996,,
2014-10-25,SEO,New User,1,1,0,7544,7399,,
2014-10-25,SEO,New User,0,0,1,185,171,,
2014-10-25,SEO,New User,1,0,1,780,857,,
2014-10-25,Social Media,Returning User,0,0,0,365,358,,
2014-10-25,Social Media,Returning User,1,0,0,1692,1184,,
2014-10-25,Social Media,Returning User,1,1,0,1351,1109,,
2014-10-25,Social Media,Returning User,0,0,1,35,50,,
2014-10-25,Social Media,Returning User,1,0,1,129,146,,
2014-10-25,Social Media,New User,0,0,0,420,457,,
2014-10-25,Social Media,New User,1,0,0,1769,2028,,
2014-10-25,Social Media,New User,1,1,0,1492,1772,,
2014-10-25,Social Media,New User,0,0,1,48,50,,
2014-10-25,Social Media,New User,1,0,1,165,169,,
2014-10-26,Affiliate,Returning User,0,0,0,1188,1209,,
2014-10-26,Affiliate,Returning User,1,0,0,4855,4119,,
2014-10-26,Affiliate,Returning User,1,1,0,2829,2347,,
2014-10-26,Affiliate,Returning User,0,0,1,143,109,,
2014-10-26,Affiliate,Returning User,1,0,1,466,435,,
2014-10-26,Affiliate,New User,0,0,0,1750,1872,,
2014-10-26,Affiliate,New User,1,0,0,6595,7625,,
2014-10-26,Affiliate,New User,1,1,0,4545,5101,,
2014-10-26,Affiliate,New User,0,0,1,141,158,,
2014-10-26,Affiliate,New User,1,0,1,677,704,,
2014-10-26,Direct,Returning User,0,0,0,2063,2744,,
2014-10-26,Direct,Returning User,1,0,0,9349,10717,,
2014-10-26,Direct,Returning User,1,1,0,7801,5954,,
2014-10-26,Direct,Returning User,0,0,1,220,279,,
2014-10-26,Direct,Returning User,1,0,1,1225,802,,
2014-10-26,Direct,New User,0,0,0,3836,3459,,
2014-10-26,Direct,New User,1,0,0,14387,11174,,
2014-10-26,Direct,New User,1,1,0,6946,9956,,
2014-10-26,Direct,New User,0,0,1,439,365,,
2014-10-26,Direct,New User,1,0,1,1312,1504,,
2014-10-26,Email,Returning User,0,0,0,412,328,,
2014-10-26,Email,Returning User,1,0,0,2291,1836,,
2014-10-26,Email,Returning User,1,1,0,801,1087,,
2014-10-26,Email,Returning User,0,0,1,81,61,,
2014-10-26,Email,Returning User,1,0,1,208,157,,
2014-10-26,Email,New User,0,0,0,702,767,,
2014-10-26,Email,New User,1,0,0,2562,3079,,
2014-10-26,Email,New User,1,1,0,2283,2380,,
2014-10-26,Email,New User,0,0,1,64,64,,
2014-10-26,Email,New User,1,0,1,263,303,,
2014-10-26,Paid Search,Returning User,0,0,0,624,634,,
2014-10-26,Paid Search,Returning User,1,0,0,2851,2328,,
2014-10-26,Paid Search,Returning User,1,1,0,2405,1729,,
2014-10-26,Paid Search,Returning User,0,0,1,70,73,,
2014-10-26,Paid Search,Returning User,1,0,1,274,225,,
2014-10-26,Paid Search,New User,0,0,0,1010,1092,,
2014-10-26,Paid Search,New User,1,0,0,3856,3978,,
2014-10-26,Paid Search,New User,1,1,0,2666,3507,,
2014-10-26,Paid Search,New User,0,0,1,89,96,,
2014-10-26,Paid Search,New User,1,0,1,428,400,,
2014-10-26,SEO,Returning User,0,0,0,1637,1510,,
2014-10-26,SEO,Returning User,1,0,0,7121,6535,,
2014-10-26,SEO,Returning User,1,1,0,5661,4992,,
2014-10-26,SEO,Returning User,0,0,1,125,141,,
2014-10-26,SEO,Returning User,1,0,1,663,608,,
2014-10-26,SEO,New User,0,0,0,2619,2887,,
2014-10-26,SEO,New User,1,0,0,10065,10374,,
2014-10-26,SEO,New User,1,1,0,5510,6327,,
2014-10-26,SEO,New User,0,0,1,227,230,,
2014-10-26,SEO,New User,1,0,1,853,916,,
2014-10-26,Social Media,Returning User,0,0,0,350,317,,
2014-10-26,Social Media,Returning User,1,0,0,1021,1222,,
2014-10-26,Social Media,Returning User,1,1,0,625,1060,,
2014-10-26,Social Media,Returning User,0,0,1,51,55,,
2014-10-26,Social Media,Returning User,1,0,1,147,136,,
2014-10-26,Social Media,New User,0,0,0,471,514,,
2014-10-26,Social Media,New User,1,0,0,2263,2292,,
2014-10-26,Social Media,New User,1,1,0,1399,1182,,
2014-10-26,Social Media,New User,0,0,1,38,38,,
2014-10-26,Social Media,New User,1,0,1,202,176,,
2014-10-27,Affiliate,Returning User,0,0,0,1267,821,,
2014-10-27,Affiliate,Returning User,1,0,0,4060,5936,,
2014-10-27,Affiliate,Returning User,1,1,0,3387,3098,,
2014-10-27,Affiliate,Returning User,0,0,1,141,132,,
2014-10-27,Affiliate,Returning User,1,0,1,405,378,,
2014-10-27,Affiliate,New User,0,0,0,1598,2047,,
2014-10-27,Affiliate,New User,1,0,0,7767,5807,,
2014-10-27,Affiliate,New User,1,1,0,3986,4845,,
2014-10-27,Affiliate,New User,0,0,1,148,166,,
2014-10-27,Affiliate,New User,1,0,1,650,668,,
2014-10-27,Direct,Returning User,0,0,0,2485,2136,,
2014-10-27,Direct,Returning User,1,0,0,12641,12425,,
2014-10-27,Direct,Returning User,1,1,0,7192,10004,,
2014-10-27,Direct,Returning User,0,0,1,241,204,,
2014-10-27,Direct,Returning User,1,0,1,1016,1047,,
2014-10-27,Direct,New User,0,0,0,3782,4320,,
2014-10-27,Direct,New User,1,0,0,15725,15832,,
2014-10-27,Direct,New User,1,1,0,8803,8677,,
2014-10-27,Direct,New User,0,0,1,386,322,,
2014-10-27,Direct,New User,1,0,1,1404,1282,,
2014-10-27,Email,Returning User,0,0,0,495,348,,
2014-10-27,Email,Returning User,1,0,0,1610,1986,,
2014-10-27,Email,Returning User,1,1,0,1159,995,,
2014-10-27,Email,Returning User,0,0,1,79,63,,
2014-10-27,Email,Returning User,1,0,1,204,206,,
2014-10-27,Email,New User,0,0,0,691,815,,
2014-10-27,Email,New User,1,0,0,3061,2777,,
2014-10-27,Email,New User,1,1,0,1937,2179,,
2014-10-27,Email,New User,0,0,1,62,70,,
2014-10-27,Email,New User,1,0,1,232,240,,
2014-10-27,Paid Search,Returning User,0,0,0,721,978,,
2014-10-27,Paid Search,Returning User,1,0,0,2826,2801,,
2014-10-27,Paid Search,Returning User,1,1,0,2166,1559,,
2014-10-27,Paid Search,Returning User,0,0,1,98,75,,
2014-10-27,Paid Search,Returning User,1,0,1,332,251,,
2014-10-27,Paid Search,New User,0,0,0,1165,905,,
2014-10-27,Paid Search,New User,1,0,0,4120,4091,,
2014-10-27,Paid Search,New User,1,1,0,2742,3550,,
2014-10-27,Paid Search,New User,0,0,1,83,112,,
2014-10-27,Paid Search,New User,1,0,1,347,384,,
2014-10-27,SEO,Returning User,0,0,0,1434,1694,,
2014-10-27,SEO,Returning User,1,0,0,6073,5032,,
2014-10-27,SEO,Returning User,1,1,0,4277,4497,,
2014-10-27,SEO,Returning User,0,0,1,149,173,,
2014-10-27,SEO,Returning User,1,0,1,701,645,,
2014-10-27,SEO,New User,0,0,0,2228,2181,,
2014-10-27,SEO,New User,1,0,0,9640,10617,,
2014-10-27,SEO,New User,1,1,0,6077,6301,,
2014-10-27,SEO,New User,0,0,1,221,194,,
2014-10-27,SEO,New User,1,0,1,806,793,,
2014-10-27,Social Media,Returning User,0,0,0,323,275,,
2014-10-27,Social Media,Returning User,1,0,0,1449,1225,,
2014-10-27,Social Media,Returning User,1,1,0,848,721,,
2014-10-27,Social Media,Returning User,0,0,1,37,84,,
2014-10-27,Social Media,Returning User,1,0,1,181,194,,
2014-10-27,Social Media,New User,0,0,0,484,515,,
2014-10-27,Social Media,New User,1,0,0,1877,2057,,
2014-10-27,Social Media,New User,1,1,0,1275,1385,,
2014-10-27,Social Media,New User,0,0,1,60,48,,
2014-10-27,Social Media,New User,1,0,1,238,228,,
2014-10-28,Affiliate,Returning User,0,0,0,1081,1043,,
2014-10-28,Affiliate,Returning User,1,0,0,4626,3970,,
2014-10-28,Affiliate,Returning User,1,1,0,2609,2369,,
2014-10-28,Affiliate,Returning User,0,0,1,143,148,,
2014-10-28,Affiliate,Returning User,1,0,1,603,505,,
2014-10-28,Affiliate,New User,0,0,0,1802,1754,,
2014-10-28,Affiliate,New User,1,0,0,7735,8463,,
2014-10-28,Affiliate,New User,1,1,0,4334,5053,,
2014-10-28,Affiliate,New User,0,0,1,184,160,,
2014-10-28,Affiliate,New User,1,0,1,658,721,,
2014-10-28,Direct,Returning User,0,0,0,2508,2519,,
2014-10-28,Direct,Returning User,1,0,0,11578,11455,,
2014-10-28,Direct,Returning User,1,1,0,6898,7859,,
2014-10-28,Direct,Returning User,0,0,1,195,258,,
2014-10-28,Direct,Returning User,1,0,1,1098,1115,,
2014-10-28,Direct,New User,0,0,0,3745,3667,,
2014-10-28,Direct,New User,1,0,0,14933,15267,,
2014-10-28,Direct,New User,1,1,0,9836,9957,,
2014-10-28,Direct,New User,0,0,1,468,370,,
2014-10-28,Direct,New User,1,0,1,1587,1542,,
2014-10-28,Email,Returning User,0,0,0,510,530,,
2014-10-28,Email,Returning User,1,0,0,1858,2248,,
2014-10-28,Email,Returning User,1,1,0,1256,1078,,
2014-10-28,Email,Returning User,0,0,1,83,37,,
2014-10-28,Email,Returning User,1,0,1,228,224,,
2014-10-28,Email,New User,0,0,0,661,740,,
2014-10-28,Email,New User,1,0,0,2924,2938,,
2014-10-28,Email,New User,1,1,0,1233,1542,,
2014-10-28,Email,New User,0,0,1,65,67,,
2014-10-28,Email,New User,1,0,1,319,271,,
2014-10-28,Paid Search,Returning User,0,0,0,697,602,,
2014-10-28,Paid Search,Returning User,1,0,0,2500,2616,,
2014-10-28,Paid Search,Returning User,1,1,0,1570,1532,,
2014-10-28,Paid Search,Returning User,0,0,1,120,94,,
2014-10-28,Paid Search,Returning User,1,0,1,257,289,,
2014-10-28,Paid Search,New User,0,0,0,901,1095,,
2014-10-28,Paid Search,New User,1,0,0,3394,3575,,
2014-10-28,Paid Search,New User,1,1,0,2667,3106,,
2014-10-28,Paid Search,New User,0,0,1,109,111,,
2014-10-28,Paid Search,New User,1,0,1,421,422,,
2014-10-28,SEO,Returning User,0,0,0,1379,1401,,
2014-10-28,SEO,Returning User,1,0,0,5328,7484,,
2014-10-28,SEO,Returning User,1,1,0,3155,4096,,
2014-10-28,SEO,Returning User,0,0,1,166,230,,
2014-10-28,SEO,Returning User,1,0,1,755,842,,
2014-10-28,SEO,New User,0,0,0,2903,3122,,
2014-10-28,SEO,New User,1,0,0,12017,10373,,
2014-10-28,SEO,New User,1,1,0,5654,5207,,
2014-10-28,SEO,New User,0,0,1,267,231,,
2014-10-28,SEO,New User,1,0,1,981,969,,
2014-10-28,Social Media,Returning User,0,0,0,306,329,,
2014-10-28,Social Media,Returning User,1,0,0,1355,1531,,
2014-10-28,Social Media,Returning User,1,1,0,692,863,,
2014-10-28,Social Media,Returning User,0,0,1,56,64,,
2014-10-28,Social Media,Returning User,1,0,1,173,195,,
2014-10-28,Social Media,New User,0,0,0,587,512,,
2014-10-28,Social Media,New User,1,0,0,1944,1800,,
2014-10-28,Social Media,New User,1,1,0,1125,1008,,
2014-10-28,Social Media,New User,0,0,1,58,46,,
2014-10-28,Social Media,New User,1,0,1,213,174,,
2014-10-29,Affiliate,Returning User,0,0,0,1159,1066,,
2014-10-29,Affiliate,Returning User,1,0,0,5554,4857,,
2014-10-29,Affiliate,Returning User,1,1,0,2627,4471,,
2014-10-29,Affiliate,Returning User,0,0,1,106,149,,
2014-10-29,Affiliate,Returning User,1,0,1,401,394,,
2014-10-29,Affiliate,New User,0,0,0,1575,1763,,
2014-10-29,Affiliate,New User,1,0,0,6929,7100,,
2014-10-29,Affiliate,New User,1,1,0,5324,3597,,
2014-10-29,Affiliate,New User,0,0,1,163,131,,
2014-10-29,Affiliate,New User,1,0,1,611,625,,
2014-10-29,Direct,Returning User,0,0,0,3100,2756,,
2014-10-29,Direct,Returning User,1,0,0,9614,11554,,
2014-10-29,Direct,Returning User,1,1,0,8815,10180,,
2014-10-29,Direct,Returning User,0,0,1,247,211,,
2014-10-29,Direct,Returning User,1,0,1,745,715,,
2014-10-29,Direct,New User,0,0,0,3492,4094,,
2014-10-29,Direct,New User,1,0,0,15274,12624,,
2014-10-29,Direct,New User,1,1,0,9058,10163,,
2014-10-29,Direct,New User,0,0,1,344,313,,
2014-10-29,Direct,New User,1,0,1,1402,1359,,
2014-10-29,Email,Returning User,0,0,0,442,488,,
2014-10-29,Email,Returning User,1,0,0,2108,1831,,
2014-10-29,Email,Returning User,1,1,0,1338,1226,,
2014-10-29,Email,Returning User,0,0,1,34,78,,
2014-10-29,Email,Returning User,1,0,1,179,137,,
2014-10-29,Email,New User,0,0,0,708,576,,
2014-10-29,Email,New User,1,0,0,2371,2970,,
2014-10-29,Email,New User,1,1,0,1851,2276,,
2014-10-29,Email,New User,0,0,1,55,53,,
2014-10-29,Email,New User,1,0,1,187,204,,
2014-10-29,Paid Search,Returning User,0,0,0,725,628,,
2014-10-29,Paid Search,Returning User,1,0,0,2696,2736,,
2014-10-29,Paid Search,Returning User,1,1,0,1951,2705,,
2014-10-29,Paid Search,Returning User,0,0,1,97,94,,
2014-10-29,Paid Search,Returning User,1,0,1,207,252,,
2014-10-29,Paid Search,New User,0,0,0,933,1025,,
2014-10-29,Paid Search,New User,1,0,0,3754,3923,,
2014-10-29,Paid Search,New User,1,1,0,3300,2839,,
2014-10-29,Paid Search,New User,0,0,1,83,87,,
2014-10-29,Paid Search,New User,1,0,1,393,354,,
2014-10-29,SEO,Returning User,0,0,0,1617,1641,,
2014-10-29,SEO,Returning User,1,0,0,8748,7238,,
2014-10-29,SEO,Returning User,1,1,0,4196,5389,,
2014-10-29,SEO,Returning User,0,0,1,165,140,,
2014-10-29,SEO,Returning User,1,0,1,491,494,,
2014-10-29,SEO,New User,0,0,0,2046,2049,,
2014-10-29,SEO,New User,1,0,0,9366,10437,,
2014-10-29,SEO,New User,1,1,0,7565,7207,,
2014-10-29,SEO,New User,0,0,1,191,192,,
2014-10-29,SEO,New User,1,0,1,678,720,,
2014-10-29,Social Media,Returning User,0,0,0,327,433,,
2014-10-29,Social Media,Returning User,1,0,0,1043,1082,,
2014-10-29,Social Media,Returning User,1,1,0,840,905,,
2014-10-29,Social Media,Returning User,0,0,1,65,47,,
2014-10-29,Social Media,Returning User,1,0,1,172,143,,
2014-10-29,Social Media,New User,0,0,0,568,464,,
2014-10-29,Social Media,New User,1,0,0,2266,2104,,
2014-10-29,Social Media,New User,1,1,0,1708,1850,,
2014-10-29,Social Media,New User,0,0,1,40,37,,
2014-10-29,Social Media,New User,1,0,1,153,163,,
2014-10-30,Affiliate,Returning User,0,0,0,985,1135,,
2014-10-30,Affiliate,Returning User,1,0,0,4146,3710,,
2014-10-30,Affiliate,Returning User,1,1,0,3621,3221,,
2014-10-30,Affiliate,Returning User,0,0,1,156,144,,
2014-10-30,Affiliate,Returning User,1,0,1,468,393,,
2014-10-30,Affiliate,New User,0,0,0,1842,1716,,
2014-10-30,Affiliate,New User,1,0,0,6171,6201,,
2014-10-30,Affiliate,New User,1,1,0,4595,4820,,
2014-10-30,Affiliate,New User,0,0,1,165,172,,
2014-10-30,Affiliate,New User,1,0,1,669,767,,
2014-10-30,Direct,Returning User,0,0,0,2977,2797,,
2014-10-30,Direct,Returning User,1,0,0,9881,8386,,
2014-10-30,Direct,Returning User,1,1,0,7378,7432,,
2014-10-30,Direct,Returning User,0,0,1,312,186,,
2014-10-30,Direct,Returning User,1,0,1,866,779,,
2014-10-30,Direct,New User,0,0,0,3182,3198,,
2014-10-30,Direct,New User,1,0,0,11729,15216,,
2014-10-30,Direct,New User,1,1,0,9775,12098,,
2014-10-30,Direct,New User,0,0,1,250,326,,
2014-10-30,Direct,New User,1,0,1,1312,1386,,
2014-10-30,Email,Returning User,0,0,0,339,417,,
2014-10-30,Email,Returning User,1,0,0,2051,1788,,
2014-10-30,Email,Returning User,1,1,0,1101,1567,,
2014-10-30,Email,Returning User,0,0,1,86,66,,
2014-10-30,Email,Returning User,1,0,1,190,174,,
2014-10-30,Email,New User,0,0,0,805,666,,
2014-10-30,Email,New User,1,0,0,2584,2769,,
2014-10-30,Email,New User,1,1,0,1836,1598,,
2014-10-30,Email,New User,0,0,1,54,62,,
2014-10-30,Email,New User,1,0,1,282,238,,
2014-10-30,Paid Search,Returning User,0,0,0,657,623,,
2014-10-30,Paid Search,Returning User,1,0,0,3020,3159,,
2014-10-30,Paid Search,Returning User,1,1,0,1495,1499,,
2014-10-30,Paid Search,Returning User,0,0,1,108,80,,
2014-10-30,Paid Search,Returning User,1,0,1,282,289,,
2014-10-30,Paid Search,New User,0,0,0,928,948,,
2014-10-30,Paid Search,New User,1,0,0,4224,3987,,
2014-10-30,Paid Search,New User,1,1,0,2887,2808,,
2014-10-30,Paid Search,New User,0,0,1,97,92,,
2014-10-30,Paid Search,New User,1,0,1,368,373,,
2014-10-30,SEO,Returning User,0,0,0,1593,1800,,
2014-10-30,SEO,Returning User,1,0,0,8059,6361,,
2014-10-30,SEO,Returning User,1,1,0,4273,4337,,
2014-10-30,SEO,Returning User,0,0,1,231,136,,
2014-10-30,SEO,Returning User,1,0,1,631,473,,
2014-10-30,SEO,New User,0,0,0,2530,2539,,
2014-10-30,SEO,New User,1,0,0,7294,10413,,
2014-10-30,SEO,New User,1,1,0,6898,7390,,
2014-10-30,SEO,New User,0,0,1,172,254,,
2014-10-30,SEO,New User,1,0,1,842,880,,
2014-10-30,Social Media,Returning User,0,0,0,282,328,,
2014-10-30,Social Media,Returning User,1,0,0,1770,1450,,
2014-10-30,Social Media,Returning User,1,1,0,748,912,,
2014-10-30,Social Media,Returning User,0,0,1,70,55,,
2014-10-30,Social Media,Returning User,1,0,1,170,151,,
2014-10-30,Social Media,New User,0,0,0,492,469,,
2014-10-30,Social Media,New User,1,0,0,1640,1816,,
2014-10-30,Social Media,New User,1,1,0,1466,1226,,
2014-10-30,Social Media,New User,0,0,1,47,49,,
2014-10-30,Social Media,New User,1,0,1,185,199,,
